,Dig1,Dig4,Dig6,Dig5,Dig3,Dig2
RMSE,0.054960742312284046,0.07690003991038036,0.10091404204246313,0.037992965870321346,0.022735986421503075,0.045490039249253586
MAE,0.04414698636805194,0.06214189926250294,0.09802723217785857,0.031759040305083946,0.019307584209266763,0.03432149811107118
bias,0.02395467471240578,0.033323893051384404,0.09802723217785857,-0.03141584625101287,-0.010650924332845738,-0.019644232482365374
