,Dig1,Dig4,Dig6,Dig5,Dig3,Dig2
RMSE,0.1680853395587508,0.13355356000012794,0.07875148584718256,0.08936824882632617,0.043632816961330964,0.06514524692302084
MAE,0.16175960484555446,0.11865032521464933,0.07490074418648296,0.08653760484870907,0.0386551696735074,0.055880600902492916
bias,0.16175960484555446,0.11657444707094881,0.07490074418648296,-0.08653760484870907,-0.03753041632983145,0.046410974590600805
